fold,audio_file,time_index,error_type,confidence
1,FFL-Annotations/Audio/TRIAL15_MODEL_23JUN2024_VILLAANA_MADREDEDIOS.wav,36.0,false_positive,0.573117819889959
1,FFL-Annotations/Audio/TRIAL1_HAWK_12JUN2024_VILLAANA_MADREDEDIOS.wav,20.0,false_positive,0.8884095525407346
1,FFL-Annotations/Audio/TRIAL1_HAWK_12JUN2024_VILLAANA_MADREDEDIOS.wav,22.0,false_positive,0.7932430931860024
1,FFL-Annotations/Audio/TRIAL1_HAWK_12JUN2024_VILLAANA_MADREDEDIOS.wav,24.0,false_positive,0.9872707359540923
1,FFL-Annotations/Audio/TRIAL1_HAWK_12JUN2024_VILLAANA_MADREDEDIOS.wav,26.0,false_positive,0.8130453149072511
1,FFL-Annotations/Audio/TRIAL1_HAWK_12JUN2024_VILLAANA_MADREDEDIOS.wav,32.0,false_positive,0.9299873217965393
1,FFL-Annotations/Audio/TRIAL1_HAWK_12JUN2024_VILLAANA_MADREDEDIOS.wav,34.0,false_positive,0.7689058402417391
1,FFL-Annotations/Audio/TRIAL1_HAWK_12JUN2024_VILLAANA_MADREDEDIOS.wav,40.0,false_positive,0.7641210331608738
1,FFL-Annotations/Audio/TRIAL1_HAWK_12JUN2024_VILLAANA_MADREDEDIOS.wav,42.0,false_positive,0.5497340892034598
1,FFL-Annotations/Audio/TRIAL1_HAWK_12JUN2024_VILLAANA_MADREDEDIOS.wav,50.0,false_positive,0.6875818717415028
1,FFL-Annotations/Audio/TRIAL1_HAWK_12JUN2024_VILLAANA_MADREDEDIOS.wav,52.0,false_positive,0.8683929297313906
1,FFL-Annotations/Audio/TRIAL1_HAWK_12JUN2024_VILLAANA_MADREDEDIOS.wav,56.0,false_positive,0.8309902928699677
1,FFL-Annotations/Audio/TRIAL1_MODEL_13JUN2024_VILLAANA_MADREDEDIOS.wav,6.0,false_positive,0.5290275137503481
1,FFL-Annotations/Audio/TRIAL1_MODEL_13JUN2024_VILLAANA_MADREDEDIOS.wav,52.0,false_positive,0.7549963234217043
1,FFL-Annotations/Audio/TRIAL1_MODEL_13JUN2024_VILLAANA_MADREDEDIOS.wav,54.0,false_positive,0.6927704006495006
1,FFL-Annotations/Audio/TRIAL2_HAWK_12JUN2024_VILLAANA_MADREDEDIOS.wav,4.0,false_positive,0.6195847533077968
1,FFL-Annotations/Audio/TRIAL2_HAWK_12JUN2024_VILLAANA_MADREDEDIOS.wav,46.0,false_positive,0.8841974224190683
1,FFL-Annotations/Audio/TRIAL7_HAWK_15JUN2024_VILLAANA_MADREDEDIOS.wav,0.0,false_positive,0.7022786937424073
1,FFL-Annotations/Audio/TRIAL13_HAWK_19JUN2024_VILLAANA_MADREDEDIOS.wav,14.0,false_negative,0.029332009951925565
1,FFL-Annotations/Audio/TRIAL13_HAWK_19JUN2024_VILLAANA_MADREDEDIOS.wav,16.0,false_negative,0.16572359745457044
1,FFL-Annotations/Audio/TRIAL13_HAWK_19JUN2024_VILLAANA_MADREDEDIOS.wav,18.0,false_negative,0.46634689391574125
1,FFL-Annotations/Audio/TRIAL13_HAWK_19JUN2024_VILLAANA_MADREDEDIOS.wav,20.0,false_negative,0.05883216526637536
1,FFL-Annotations/Audio/TRIAL13_HAWK_19JUN2024_VILLAANA_MADREDEDIOS.wav,26.0,false_negative,0.023820360979072787
1,FFL-Annotations/Audio/TRIAL13_HAWK_19JUN2024_VILLAANA_MADREDEDIOS.wav,28.0,false_negative,0.13923483110682697
1,FFL-Annotations/Audio/TRIAL1_MODEL_13JUN2024_VILLAANA_MADREDEDIOS.wav,44.0,false_negative,0.09001405504392018
1,FFL-Annotations/Audio/TRIAL1_MODEL_13JUN2024_VILLAANA_MADREDEDIOS.wav,48.0,false_negative,0.3470259071340606
1,FFL-Annotations/Audio/TRIAL1_MODEL_13JUN2024_VILLAANA_MADREDEDIOS.wav,50.0,false_negative,0.149993605853992
1,FFL-Annotations/Audio/TRIAL1_HAWK_12JUN2024_VILLAANA_MADREDEDIOS.wav,12.0,true_positive,0.9861836463067192
1,FFL-Annotations/Audio/TRIAL1_HAWK_12JUN2024_VILLAANA_MADREDEDIOS.wav,18.0,true_positive,0.9287505123125027
1,FFL-Annotations/Audio/TRIAL1_MODEL_13JUN2024_VILLAANA_MADREDEDIOS.wav,36.0,true_positive,0.7504377370680472
1,FFL-Annotations/Audio/TRIAL1_MODEL_13JUN2024_VILLAANA_MADREDEDIOS.wav,42.0,true_positive,0.8287304046631107
1,FFL-Annotations/Audio/TRIAL1_MODEL_13JUN2024_VILLAANA_MADREDEDIOS.wav,46.0,true_positive,0.565468543249916
1,FFL-Annotations/Audio/TRIAL1_MODEL_13JUN2024_VILLAANA_MADREDEDIOS.wav,56.0,true_positive,0.9714584643487814
2,FFL-Annotations/Audio/TRIAL18_MODEL_26JUN2024_VILLAANA_MADREDEDIOS.wav,0.0,false_positive,0.5203258861410234
2,FFL-Annotations/Audio/TRIAL18_MODEL_26JUN2024_VILLAANA_MADREDEDIOS.wav,58.0,false_positive,0.7325941820666041
2,FFL-Annotations/Audio/TRIAL26_HAWK_29JUN2024_VILLAANA_MADREDEDIOS.wav,22.0,false_positive,0.7874132636492126
2,FFL-Annotations/Audio/TRIAL4_HAWK_14JUN2024_VILLAANA_MADREDEDIOS.wav,20.0,false_positive,0.5764889292689329
2,FFL-Annotations/Audio/TRIAL4_HAWK_14JUN2024_VILLAANA_MADREDEDIOS.wav,24.0,false_positive,0.9281034354393848
2,FFL-Annotations/Audio/TRIAL4_HAWK_14JUN2024_VILLAANA_MADREDEDIOS.wav,30.0,false_positive,0.7933713038781158
2,FFL-Annotations/Audio/TRIAL4_HAWK_14JUN2024_VILLAANA_MADREDEDIOS.wav,34.0,false_positive,0.7990048007077148
2,FFL-Annotations/Audio/TRIAL4_HAWK_14JUN2024_VILLAANA_MADREDEDIOS.wav,40.0,false_positive,0.7822781186935032
2,FFL-Annotations/Audio/TRIAL4_HAWK_14JUN2024_VILLAANA_MADREDEDIOS.wav,56.0,false_positive,0.5168468122465149
2,FFL-Annotations/Audio/TRIAL7_MODEL_15JUN2024_VILLAANA_MADREDEDIOS.wav,6.0,false_positive,0.6275861344144903
2,FFL-Annotations/Audio/TRIAL7_MODEL_15JUN2024_VILLAANA_MADREDEDIOS.wav,10.0,false_positive,0.9293315705287286
2,FFL-Annotations/Audio/TRIAL7_MODEL_15JUN2024_VILLAANA_MADREDEDIOS.wav,12.0,false_positive,0.8974903237318448
2,FFL-Annotations/Audio/TRIAL7_MODEL_15JUN2024_VILLAANA_MADREDEDIOS.wav,14.0,false_positive,0.9582240328751016
2,FFL-Annotations/Audio/TRIAL7_MODEL_15JUN2024_VILLAANA_MADREDEDIOS.wav,16.0,false_positive,0.9798171140382002
2,FFL-Annotations/Audio/TRIAL7_MODEL_15JUN2024_VILLAANA_MADREDEDIOS.wav,18.0,false_positive,0.9626197559867525
2,FFL-Annotations/Audio/TRIAL7_MODEL_15JUN2024_VILLAANA_MADREDEDIOS.wav,20.0,false_positive,0.9050605231307429
2,FFL-Annotations/Audio/TRIAL7_MODEL_15JUN2024_VILLAANA_MADREDEDIOS.wav,22.0,false_positive,0.9416778057936254
2,FFL-Annotations/Audio/TRIAL7_MODEL_15JUN2024_VILLAANA_MADREDEDIOS.wav,24.0,false_positive,0.955262819699933
2,FFL-Annotations/Audio/TRIAL7_MODEL_15JUN2024_VILLAANA_MADREDEDIOS.wav,26.0,false_positive,0.9868453212651352
2,FFL-Annotations/Audio/TRIAL7_MODEL_15JUN2024_VILLAANA_MADREDEDIOS.wav,28.0,false_positive,0.9803101420790106
2,FFL-Annotations/Audio/TRIAL7_MODEL_15JUN2024_VILLAANA_MADREDEDIOS.wav,30.0,false_positive,0.9480594131674246
2,FFL-Annotations/Audio/TRIAL7_MODEL_15JUN2024_VILLAANA_MADREDEDIOS.wav,32.0,false_positive,0.954337179143188
2,FFL-Annotations/Audio/TRIAL7_MODEL_15JUN2024_VILLAANA_MADREDEDIOS.wav,38.0,false_positive,0.5002004937410697
2,FFL-Annotations/Audio/TRIAL7_MODEL_15JUN2024_VILLAANA_MADREDEDIOS.wav,40.0,false_positive,0.919290698946437
2,FFL-Annotations/Audio/TRIAL7_MODEL_15JUN2024_VILLAANA_MADREDEDIOS.wav,42.0,false_positive,0.9511067688952635
2,FFL-Annotations/Audio/TRIAL7_MODEL_15JUN2024_VILLAANA_MADREDEDIOS.wav,44.0,false_positive,0.9551620033232089
2,FFL-Annotations/Audio/TRIAL7_MODEL_15JUN2024_VILLAANA_MADREDEDIOS.wav,46.0,false_positive,0.9050490341724545
2,FFL-Annotations/Audio/TRIAL7_MODEL_15JUN2024_VILLAANA_MADREDEDIOS.wav,48.0,false_positive,0.8393352416414382
2,FFL-Annotations/Audio/TRIAL9_MODEL_17JUN2024_VILLAANA_MADREDEDIOS.wav,30.0,false_positive,0.5578893477596476
2,FFL-Annotations/Audio/TRIAL12_MODEL_20JUN2024_VILLAANA_MADREDEDIOS.wav,2.0,false_negative,0.2303392680791622
2,FFL-Annotations/Audio/TRIAL12_MODEL_20JUN2024_VILLAANA_MADREDEDIOS.wav,16.0,false_negative,0.2824303974940484
2,FFL-Annotations/Audio/TRIAL12_MODEL_20JUN2024_VILLAANA_MADREDEDIOS.wav,20.0,false_negative,0.27648741652894493
2,FFL-Annotations/Audio/TRIAL12_MODEL_20JUN2024_VILLAANA_MADREDEDIOS.wav,48.0,false_negative,0.2506379502925041
2,FFL-Annotations/Audio/TRIAL18_MODEL_26JUN2024_VILLAANA_MADREDEDIOS.wav,44.0,false_negative,0.2227242211791345
2,FFL-Annotations/Audio/TRIAL18_MODEL_26JUN2024_VILLAANA_MADREDEDIOS.wav,46.0,false_negative,0.2558540049441008
2,FFL-Annotations/Audio/TRIAL6_MODEL_15JUN2024_VILLAANA_MADREDEDIOS.wav,12.0,false_negative,0.3340621540419376
2,FFL-Annotations/Audio/TRIAL6_MODEL_15JUN2024_VILLAANA_MADREDEDIOS.wav,30.0,false_negative,0.12219376592385207
2,FFL-Annotations/Audio/TRIAL12_MODEL_20JUN2024_VILLAANA_MADREDEDIOS.wav,4.0,true_positive,0.9542021183130974
2,FFL-Annotations/Audio/TRIAL12_MODEL_20JUN2024_VILLAANA_MADREDEDIOS.wav,6.0,true_positive,0.8692340896239142
2,FFL-Annotations/Audio/TRIAL12_MODEL_20JUN2024_VILLAANA_MADREDEDIOS.wav,8.0,true_positive,0.8869813406909708
2,FFL-Annotations/Audio/TRIAL12_MODEL_20JUN2024_VILLAANA_MADREDEDIOS.wav,10.0,true_positive,0.6309305698538806
2,FFL-Annotations/Audio/TRIAL12_MODEL_20JUN2024_VILLAANA_MADREDEDIOS.wav,12.0,true_positive,0.9239776776897288
2,FFL-Annotations/Audio/TRIAL12_MODEL_20JUN2024_VILLAANA_MADREDEDIOS.wav,14.0,true_positive,0.8347391151926669
2,FFL-Annotations/Audio/TRIAL12_MODEL_20JUN2024_VILLAANA_MADREDEDIOS.wav,18.0,true_positive,0.9659960250857526
2,FFL-Annotations/Audio/TRIAL12_MODEL_20JUN2024_VILLAANA_MADREDEDIOS.wav,22.0,true_positive,0.8625594073547581
2,FFL-Annotations/Audio/TRIAL12_MODEL_20JUN2024_VILLAANA_MADREDEDIOS.wav,24.0,true_positive,0.9941471100321306
2,FFL-Annotations/Audio/TRIAL12_MODEL_20JUN2024_VILLAANA_MADREDEDIOS.wav,26.0,true_positive,0.9424213281280657
2,FFL-Annotations/Audio/TRIAL12_MODEL_20JUN2024_VILLAANA_MADREDEDIOS.wav,28.0,true_positive,0.8412092026348034
2,FFL-Annotations/Audio/TRIAL12_MODEL_20JUN2024_VILLAANA_MADREDEDIOS.wav,30.0,true_positive,0.9334688808731365
2,FFL-Annotations/Audio/TRIAL12_MODEL_20JUN2024_VILLAANA_MADREDEDIOS.wav,32.0,true_positive,0.8817512482091023
2,FFL-Annotations/Audio/TRIAL12_MODEL_20JUN2024_VILLAANA_MADREDEDIOS.wav,34.0,true_positive,0.8359407059651676
2,FFL-Annotations/Audio/TRIAL12_MODEL_20JUN2024_VILLAANA_MADREDEDIOS.wav,36.0,true_positive,0.7230171680920008
2,FFL-Annotations/Audio/TRIAL12_MODEL_20JUN2024_VILLAANA_MADREDEDIOS.wav,38.0,true_positive,0.5872824587685994
2,FFL-Annotations/Audio/TRIAL12_MODEL_20JUN2024_VILLAANA_MADREDEDIOS.wav,40.0,true_positive,0.8863323904596467
2,FFL-Annotations/Audio/TRIAL12_MODEL_20JUN2024_VILLAANA_MADREDEDIOS.wav,42.0,true_positive,0.7448924790073119
2,FFL-Annotations/Audio/TRIAL12_MODEL_20JUN2024_VILLAANA_MADREDEDIOS.wav,44.0,true_positive,0.9568061861243393
2,FFL-Annotations/Audio/TRIAL12_MODEL_20JUN2024_VILLAANA_MADREDEDIOS.wav,46.0,true_positive,0.5301764427025222
2,FFL-Annotations/Audio/TRIAL12_MODEL_20JUN2024_VILLAANA_MADREDEDIOS.wav,50.0,true_positive,0.5876988357915782
2,FFL-Annotations/Audio/TRIAL12_MODEL_20JUN2024_VILLAANA_MADREDEDIOS.wav,52.0,true_positive,0.7240516449936355
2,FFL-Annotations/Audio/TRIAL12_MODEL_20JUN2024_VILLAANA_MADREDEDIOS.wav,54.0,true_positive,0.6610860483115463
2,FFL-Annotations/Audio/TRIAL12_MODEL_20JUN2024_VILLAANA_MADREDEDIOS.wav,56.0,true_positive,0.7475075662346485
2,FFL-Annotations/Audio/TRIAL12_MODEL_20JUN2024_VILLAANA_MADREDEDIOS.wav,58.0,true_positive,0.7722623701415673
2,FFL-Annotations/Audio/TRIAL18_MODEL_26JUN2024_VILLAANA_MADREDEDIOS.wav,34.0,true_positive,0.6833980692930669
2,FFL-Annotations/Audio/TRIAL18_MODEL_26JUN2024_VILLAANA_MADREDEDIOS.wav,38.0,true_positive,0.7723417677365702
2,FFL-Annotations/Audio/TRIAL18_MODEL_26JUN2024_VILLAANA_MADREDEDIOS.wav,42.0,true_positive,0.6017057452324167
2,FFL-Annotations/Audio/TRIAL18_MODEL_26JUN2024_VILLAANA_MADREDEDIOS.wav,50.0,true_positive,0.7741958132719363
2,FFL-Annotations/Audio/TRIAL7_MODEL_15JUN2024_VILLAANA_MADREDEDIOS.wav,0.0,true_positive,0.8421968889288004
2,FFL-Annotations/Audio/TRIAL7_MODEL_15JUN2024_VILLAANA_MADREDEDIOS.wav,8.0,true_positive,0.8662784951600538
2,FFL-Annotations/Audio/TRIAL7_MODEL_15JUN2024_VILLAANA_MADREDEDIOS.wav,34.0,true_positive,0.9953989053775477
2,FFL-Annotations/Audio/TRIAL7_MODEL_15JUN2024_VILLAANA_MADREDEDIOS.wav,36.0,true_positive,0.972832023011753
2,FFL-Annotations/Audio/TRIAL7_MODEL_15JUN2024_VILLAANA_MADREDEDIOS.wav,50.0,true_positive,0.9505576051914902
2,FFL-Annotations/Audio/TRIAL7_MODEL_15JUN2024_VILLAANA_MADREDEDIOS.wav,52.0,true_positive,0.9507915105896636
2,FFL-Annotations/Audio/TRIAL7_MODEL_15JUN2024_VILLAANA_MADREDEDIOS.wav,54.0,true_positive,0.974738787296581
3,FFL-Annotations/Audio/TRIAL15_HAWK_21JUN2024_VILLAANA_MADREDEDIOS.wav,22.0,false_positive,0.5070747626809194
3,FFL-Annotations/Audio/TRIAL22_HAWK_25JUN2024_VILLAANA_MADREDEDIOS.wav,4.0,false_positive,0.6700523374045674
3,FFL-Annotations/Audio/TRIAL22_HAWK_25JUN2024_VILLAANA_MADREDEDIOS.wav,8.0,false_positive,0.6798116229693196
3,FFL-Annotations/Audio/TRIAL22_HAWK_25JUN2024_VILLAANA_MADREDEDIOS.wav,50.0,false_positive,0.5439076927882945
3,FFL-Annotations/Audio/TRIAL6_HAWK_15JUN2024_VILLAANA_MADREDEDIOS.wav,48.0,false_positive,0.6892424142677449
3,FFL-Annotations/Audio/TRIAL15_HAWK_21JUN2024_VILLAANA_MADREDEDIOS.wav,38.0,false_negative,0.3375464989679158
3,FFL-Annotations/Audio/TRIAL15_HAWK_21JUN2024_VILLAANA_MADREDEDIOS.wav,56.0,false_negative,0.17400613655297645
3,FFL-Annotations/Audio/TRIAL16_MODEL_24JUN2024_VILLAANA_MADREDEDIOS.wav,18.0,false_negative,0.3070813843637635
3,FFL-Annotations/Audio/TRIAL16_MODEL_24JUN2024_VILLAANA_MADREDEDIOS.wav,36.0,false_negative,0.22426585308061334
3,FFL-Annotations/Audio/TRIAL16_MODEL_24JUN2024_VILLAANA_MADREDEDIOS.wav,40.0,false_negative,0.25064100587936916
3,FFL-Annotations/Audio/TRIAL21_HAWK_25JUN2024_VILLAANA_MADREDEDIOS.wav,34.0,false_negative,0.31504037643480637
3,FFL-Annotations/Audio/TRIAL6_HAWK_15JUN2024_VILLAANA_MADREDEDIOS.wav,34.0,false_negative,0.016024619126745923
3,FFL-Annotations/Audio/TRIAL6_HAWK_15JUN2024_VILLAANA_MADREDEDIOS.wav,36.0,false_negative,0.10269447885669254
3,FFL-Annotations/Audio/TRIAL16_MODEL_24JUN2024_VILLAANA_MADREDEDIOS.wav,4.0,true_positive,0.7301618641755497
3,FFL-Annotations/Audio/TRIAL16_MODEL_24JUN2024_VILLAANA_MADREDEDIOS.wav,6.0,true_positive,0.9899191375605606
3,FFL-Annotations/Audio/TRIAL16_MODEL_24JUN2024_VILLAANA_MADREDEDIOS.wav,8.0,true_positive,0.9904733455800494
3,FFL-Annotations/Audio/TRIAL16_MODEL_24JUN2024_VILLAANA_MADREDEDIOS.wav,10.0,true_positive,0.9981674621951344
3,FFL-Annotations/Audio/TRIAL16_MODEL_24JUN2024_VILLAANA_MADREDEDIOS.wav,12.0,true_positive,0.9865700978334309
3,FFL-Annotations/Audio/TRIAL16_MODEL_24JUN2024_VILLAANA_MADREDEDIOS.wav,14.0,true_positive,0.8364825110430401
3,FFL-Annotations/Audio/TRIAL16_MODEL_24JUN2024_VILLAANA_MADREDEDIOS.wav,16.0,true_positive,0.9243768350350527
3,FFL-Annotations/Audio/TRIAL16_MODEL_24JUN2024_VILLAANA_MADREDEDIOS.wav,20.0,true_positive,0.9914538671033745
3,FFL-Annotations/Audio/TRIAL16_MODEL_24JUN2024_VILLAANA_MADREDEDIOS.wav,22.0,true_positive,0.8246529388290738
3,FFL-Annotations/Audio/TRIAL16_MODEL_24JUN2024_VILLAANA_MADREDEDIOS.wav,24.0,true_positive,0.9641243212052818
3,FFL-Annotations/Audio/TRIAL16_MODEL_24JUN2024_VILLAANA_MADREDEDIOS.wav,26.0,true_positive,0.9822709819954002
3,FFL-Annotations/Audio/TRIAL16_MODEL_24JUN2024_VILLAANA_MADREDEDIOS.wav,28.0,true_positive,0.8871504013718564
3,FFL-Annotations/Audio/TRIAL16_MODEL_24JUN2024_VILLAANA_MADREDEDIOS.wav,30.0,true_positive,0.9537712004095305
3,FFL-Annotations/Audio/TRIAL16_MODEL_24JUN2024_VILLAANA_MADREDEDIOS.wav,32.0,true_positive,0.9479825760071279
3,FFL-Annotations/Audio/TRIAL16_MODEL_24JUN2024_VILLAANA_MADREDEDIOS.wav,34.0,true_positive,0.915497831996606
3,FFL-Annotations/Audio/TRIAL16_MODEL_24JUN2024_VILLAANA_MADREDEDIOS.wav,38.0,true_positive,0.756912957828245
3,FFL-Annotations/Audio/TRIAL16_MODEL_24JUN2024_VILLAANA_MADREDEDIOS.wav,42.0,true_positive,0.9504390879980068
3,FFL-Annotations/Audio/TRIAL16_MODEL_24JUN2024_VILLAANA_MADREDEDIOS.wav,44.0,true_positive,0.977482321076577
3,FFL-Annotations/Audio/TRIAL16_MODEL_24JUN2024_VILLAANA_MADREDEDIOS.wav,46.0,true_positive,0.9415563784264391
3,FFL-Annotations/Audio/TRIAL16_MODEL_24JUN2024_VILLAANA_MADREDEDIOS.wav,48.0,true_positive,0.9570404033025757
4,FFL-Annotations/Audio/TRIAL24_HAWK_29JUN2024_VILLAANA_MADREDEDIOS.wav,46.0,false_positive,0.553239579032397
4,FFL-Annotations/Audio/TRIAL14_HAWK_21JUN2024_VILLAANA_MADREDEDIOS.wav,26.0,false_negative,0.36469628714383523
4,FFL-Annotations/Audio/TRIAL14_HAWK_21JUN2024_VILLAANA_MADREDEDIOS.wav,28.0,false_negative,0.15497685025742544
4,FFL-Annotations/Audio/TRIAL14_HAWK_21JUN2024_VILLAANA_MADREDEDIOS.wav,42.0,false_negative,0.07714623935570271
4,FFL-Annotations/Audio/TRIAL14_HAWK_21JUN2024_VILLAANA_MADREDEDIOS.wav,44.0,false_negative,0.2389472254865501
4,FFL-Annotations/Audio/TRIAL14_HAWK_21JUN2024_VILLAANA_MADREDEDIOS.wav,52.0,false_negative,0.13367060861530855
4,FFL-Annotations/Audio/TRIAL14_HAWK_21JUN2024_VILLAANA_MADREDEDIOS.wav,56.0,false_negative,0.08060391429477322
4,FFL-Annotations/Audio/TRIAL14_HAWK_21JUN2024_VILLAANA_MADREDEDIOS.wav,58.0,false_negative,0.09820472304099485
4,FFL-Annotations/Audio/TRIAL17_HAWK_22JUN2024_VILLAANA_MADREDEDIOS.wav,54.0,false_negative,0.02764049356620514
4,FFL-Annotations/Audio/TRIAL20_HAWK_24JUN2024_VILLAANA_MADREDEDIOS.wav,18.0,false_negative,0.12898795710137273
4,FFL-Annotations/Audio/TRIAL20_HAWK_24JUN2024_VILLAANA_MADREDEDIOS.wav,22.0,false_negative,0.3697735451834376
4,FFL-Annotations/Audio/TRIAL20_HAWK_24JUN2024_VILLAANA_MADREDEDIOS.wav,36.0,false_negative,0.37894862000938656
4,FFL-Annotations/Audio/TRIAL20_HAWK_24JUN2024_VILLAANA_MADREDEDIOS.wav,38.0,false_negative,0.10626518963471868
4,FFL-Annotations/Audio/TRIAL23_HAWK_26JUN2024_VILLAANA_MADREDEDIOS.wav,6.0,false_negative,0.030690957269594376
4,FFL-Annotations/Audio/TRIAL23_HAWK_26JUN2024_VILLAANA_MADREDEDIOS.wav,8.0,false_negative,0.05595676246282678
4,FFL-Annotations/Audio/TRIAL23_HAWK_26JUN2024_VILLAANA_MADREDEDIOS.wav,12.0,false_negative,0.03736232855944967
4,FFL-Annotations/Audio/TRIAL23_HAWK_26JUN2024_VILLAANA_MADREDEDIOS.wav,14.0,false_negative,0.053757455540209595
4,FFL-Annotations/Audio/TRIAL23_HAWK_26JUN2024_VILLAANA_MADREDEDIOS.wav,18.0,false_negative,0.4583906663711829
4,FFL-Annotations/Audio/TRIAL23_HAWK_26JUN2024_VILLAANA_MADREDEDIOS.wav,24.0,false_negative,0.05467427471423969
4,FFL-Annotations/Audio/TRIAL23_HAWK_26JUN2024_VILLAANA_MADREDEDIOS.wav,26.0,false_negative,0.043090677573380566
4,FFL-Annotations/Audio/TRIAL23_HAWK_26JUN2024_VILLAANA_MADREDEDIOS.wav,28.0,false_negative,0.27802102601999246
4,FFL-Annotations/Audio/TRIAL23_HAWK_26JUN2024_VILLAANA_MADREDEDIOS.wav,36.0,false_negative,0.04468294378820123
4,FFL-Annotations/Audio/TRIAL23_HAWK_26JUN2024_VILLAANA_MADREDEDIOS.wav,50.0,false_negative,0.07997139773210328
4,FFL-Annotations/Audio/TRIAL23_HAWK_26JUN2024_VILLAANA_MADREDEDIOS.wav,52.0,false_negative,0.04563222800582022
4,FFL-Annotations/Audio/TRIAL24_HAWK_29JUN2024_VILLAANA_MADREDEDIOS.wav,28.0,false_negative,0.48032951598943757
4,FFL-Annotations/Audio/TRIAL24_HAWK_29JUN2024_VILLAANA_MADREDEDIOS.wav,48.0,false_negative,0.15157279094492307
4,FFL-Annotations/Audio/TRIAL24_HAWK_29JUN2024_VILLAANA_MADREDEDIOS.wav,54.0,false_negative,0.1866937437646613
4,FFL-Annotations/Audio/TRIAL20_HAWK_24JUN2024_VILLAANA_MADREDEDIOS.wav,12.0,true_positive,0.7377788904957678
4,FFL-Annotations/Audio/TRIAL20_HAWK_24JUN2024_VILLAANA_MADREDEDIOS.wav,14.0,true_positive,0.8928686996770966
4,FFL-Annotations/Audio/TRIAL20_HAWK_24JUN2024_VILLAANA_MADREDEDIOS.wav,32.0,true_positive,0.5484705637918365
4,FFL-Annotations/Audio/TRIAL20_HAWK_24JUN2024_VILLAANA_MADREDEDIOS.wav,40.0,true_positive,0.739610572546325
4,FFL-Annotations/Audio/TRIAL20_HAWK_24JUN2024_VILLAANA_MADREDEDIOS.wav,42.0,true_positive,0.6114240062446928
4,FFL-Annotations/Audio/TRIAL20_HAWK_24JUN2024_VILLAANA_MADREDEDIOS.wav,44.0,true_positive,0.9429107027192956
4,FFL-Annotations/Audio/TRIAL23_HAWK_26JUN2024_VILLAANA_MADREDEDIOS.wav,56.0,true_positive,0.61927044771587
4,FFL-Annotations/Audio/TRIAL24_HAWK_29JUN2024_VILLAANA_MADREDEDIOS.wav,26.0,true_positive,0.8635133475777498
4,FFL-Annotations/Audio/TRIAL24_HAWK_29JUN2024_VILLAANA_MADREDEDIOS.wav,42.0,true_positive,0.9737235601979509
4,FFL-Annotations/Audio/TRIAL24_HAWK_29JUN2024_VILLAANA_MADREDEDIOS.wav,52.0,true_positive,0.8508297323405397
4,FFL-Annotations/Audio/TRIAL24_HAWK_29JUN2024_VILLAANA_MADREDEDIOS.wav,58.0,true_positive,0.9291930825631228
5,FFL-Annotations/Audio/TRIAL10_MODEL_18JUN2024_VILLAANA_MADREDEDIOS.wav,14.0,false_positive,0.5563251838186352
5,FFL-Annotations/Audio/TRIAL10_MODEL_18JUN2024_VILLAANA_MADREDEDIOS.wav,18.0,false_positive,0.5150244699017978
5,FFL-Annotations/Audio/TRIAL10_MODEL_18JUN2024_VILLAANA_MADREDEDIOS.wav,28.0,false_positive,0.8097357171380292
5,FFL-Annotations/Audio/TRIAL10_MODEL_18JUN2024_VILLAANA_MADREDEDIOS.wav,30.0,false_positive,0.5801070162398483
5,FFL-Annotations/Audio/TRIAL10_MODEL_18JUN2024_VILLAANA_MADREDEDIOS.wav,36.0,false_positive,0.7705405321808898
5,FFL-Annotations/Audio/TRIAL10_MODEL_18JUN2024_VILLAANA_MADREDEDIOS.wav,38.0,false_positive,0.9356098744257315
5,FFL-Annotations/Audio/TRIAL10_MODEL_18JUN2024_VILLAANA_MADREDEDIOS.wav,40.0,false_positive,0.9035422776595815
5,FFL-Annotations/Audio/TRIAL10_MODEL_18JUN2024_VILLAANA_MADREDEDIOS.wav,46.0,false_positive,0.8008140142056065
5,FFL-Annotations/Audio/TRIAL10_MODEL_18JUN2024_VILLAANA_MADREDEDIOS.wav,48.0,false_positive,0.6634316934021773
5,FFL-Annotations/Audio/TRIAL10_MODEL_18JUN2024_VILLAANA_MADREDEDIOS.wav,50.0,false_positive,0.6116155599183192
5,FFL-Annotations/Audio/TRIAL16_HAWK_22JUN2024_VILLAANA_MADREDEDIOS.wav,46.0,false_positive,0.6562160650849858
5,FFL-Annotations/Audio/TRIAL5_HAWK_14JUN2024_VILLAANA_MADREDEDIOS.wav,8.0,false_positive,0.5186927864021516
5,FFL-Annotations/Audio/TRIAL5_HAWK_14JUN2024_VILLAANA_MADREDEDIOS.wav,38.0,false_positive,0.7284296981028848
5,FFL-Annotations/Audio/TRIAL5_HAWK_14JUN2024_VILLAANA_MADREDEDIOS.wav,40.0,false_positive,0.5042701826745166
5,FFL-Annotations/Audio/TRIAL5_HAWK_14JUN2024_VILLAANA_MADREDEDIOS.wav,48.0,false_positive,0.7268621005962437
5,FFL-Annotations/Audio/TRIAL5_HAWK_14JUN2024_VILLAANA_MADREDEDIOS.wav,56.0,false_positive,0.8561259041597719
5,FFL-Annotations/Audio/TRIAL5_HAWK_14JUN2024_VILLAANA_MADREDEDIOS.wav,58.0,false_positive,0.7485662757443995
5,FFL-Annotations/Audio/TRIAL10_HAWK_17JUN2024_VILLAANA_MADREDEDIOS.wav,0.0,false_negative,0.14052496588853428
5,FFL-Annotations/Audio/TRIAL10_HAWK_17JUN2024_VILLAANA_MADREDEDIOS.wav,2.0,false_negative,0.03511417266101055
5,FFL-Annotations/Audio/TRIAL10_MODEL_18JUN2024_VILLAANA_MADREDEDIOS.wav,2.0,false_negative,0.06565739701508633
5,FFL-Annotations/Audio/TRIAL10_MODEL_18JUN2024_VILLAANA_MADREDEDIOS.wav,4.0,false_negative,0.17823792039833414
5,FFL-Annotations/Audio/TRIAL10_MODEL_18JUN2024_VILLAANA_MADREDEDIOS.wav,10.0,false_negative,0.49517791553949825
5,FFL-Annotations/Audio/TRIAL10_MODEL_18JUN2024_VILLAANA_MADREDEDIOS.wav,22.0,false_negative,0.457385065429028
5,FFL-Annotations/Audio/TRIAL16_HAWK_22JUN2024_VILLAANA_MADREDEDIOS.wav,28.0,false_negative,0.20840945350562284
5,FFL-Annotations/Audio/TRIAL16_HAWK_22JUN2024_VILLAANA_MADREDEDIOS.wav,52.0,false_negative,0.48242841624558297
5,FFL-Annotations/Audio/TRIAL16_HAWK_22JUN2024_VILLAANA_MADREDEDIOS.wav,54.0,false_negative,0.2502192980064248
5,FFL-Annotations/Audio/TRIAL10_MODEL_18JUN2024_VILLAANA_MADREDEDIOS.wav,6.0,true_positive,0.6854304720736688
5,FFL-Annotations/Audio/TRIAL10_MODEL_18JUN2024_VILLAANA_MADREDEDIOS.wav,54.0,true_positive,0.5372438534628469
5,FFL-Annotations/Audio/TRIAL16_HAWK_22JUN2024_VILLAANA_MADREDEDIOS.wav,24.0,true_positive,0.851921763868754
5,FFL-Annotations/Audio/TRIAL16_HAWK_22JUN2024_VILLAANA_MADREDEDIOS.wav,26.0,true_positive,0.725773735279786
5,FFL-Annotations/Audio/TRIAL16_HAWK_22JUN2024_VILLAANA_MADREDEDIOS.wav,30.0,true_positive,0.9576542911465024
5,FFL-Annotations/Audio/TRIAL16_HAWK_22JUN2024_VILLAANA_MADREDEDIOS.wav,32.0,true_positive,0.9371458496044783
5,FFL-Annotations/Audio/TRIAL16_HAWK_22JUN2024_VILLAANA_MADREDEDIOS.wav,34.0,true_positive,0.981987527948148
5,FFL-Annotations/Audio/TRIAL16_HAWK_22JUN2024_VILLAANA_MADREDEDIOS.wav,36.0,true_positive,0.7926584756108003
5,FFL-Annotations/Audio/TRIAL16_HAWK_22JUN2024_VILLAANA_MADREDEDIOS.wav,38.0,true_positive,0.8982761975494223
5,FFL-Annotations/Audio/TRIAL16_HAWK_22JUN2024_VILLAANA_MADREDEDIOS.wav,40.0,true_positive,0.8090863167237532
5,FFL-Annotations/Audio/TRIAL16_HAWK_22JUN2024_VILLAANA_MADREDEDIOS.wav,42.0,true_positive,0.9433629956075411
5,FFL-Annotations/Audio/TRIAL16_HAWK_22JUN2024_VILLAANA_MADREDEDIOS.wav,44.0,true_positive,0.9564514178752598
5,FFL-Annotations/Audio/TRIAL16_HAWK_22JUN2024_VILLAANA_MADREDEDIOS.wav,48.0,true_positive,0.6376735646267406
5,FFL-Annotations/Audio/TRIAL16_HAWK_22JUN2024_VILLAANA_MADREDEDIOS.wav,50.0,true_positive,0.8269237754477865
5,FFL-Annotations/Audio/TRIAL16_HAWK_22JUN2024_VILLAANA_MADREDEDIOS.wav,56.0,true_positive,0.9610897705999036
5,FFL-Annotations/Audio/TRIAL16_HAWK_22JUN2024_VILLAANA_MADREDEDIOS.wav,58.0,true_positive,0.7323194498797511
